{
  "2D": 223.411999702453,
  "Asset Store": 166.392000198364,
  "Editor": 12174.1710009575,
  "Game": 5683.62699985504,
  "Script": 6100.74000120162
}